,,,,,,
,ZIP Code,City,County,Land Area (Sq. Meters),Land Area (Sq. Miles),Land Area (Sq. Kilometers)
,98001,"Algona, Auburn, Federal Way, Lakeland North, Lakeland South, Milton, Pacific",King County,"48,144,700",19,48
,98002,"Auburn, Pacific",King County,"18,530,000",7,19
,98003,"Federal Way, Lakeland South, Milton",King County,"30,089,500",12,30
,98004,"Beaux Arts Village, Bellevue, Clyde Hill, Hunts Point, Yarrow Point",King County,"18,200,300",7,18
,98005,Bellevue,King County,"19,429,600",8,19
,98006,"Bellevue, Eastgate, Newcastle",King County,"27,685,300",11,28
,98007,"Bellevue, Redmond",King County,"11,341,200",4,11
,98008,"Bellevue, Eastgate, Redmond",King County,"14,250,600",6,14
,98010,"Black Diamond, Lake Morton-Berrydale",King County,"38,991,700",15,39
,98011,"Bothell, Inglewood-Finn Hill, Kenmore, Kingsgate, Woodinville",King County,"21,201,100",8,21
,98012,"Bothell, Bothell East, Bothell West, Clearview, Martha Lake, Mill Creek, Mill Creek East, Silver Firs",Snohomish County,"39,681,400",15,40
,98014,"Ames Lake, Carnation, Lake Marcel-Stillwater",King County,"117,347,000",45,117
,98019,"Cottage Lake, Duvall, Union Hill-Novelty Hill",King County,"197,688,000",76,198
,98020,"Edmonds, Esperance, Woodway",Snohomish County,"13,396,300",5,13
,98021,"Bothell, Bothell East, Bothell West, Maltby",Snohomish County,"26,276,100",10,26
,98022,"Black Diamond, Enumclaw, Greenwater","King County, Pierce County","1,051,340,000",406,"1,051"
,98023,"Des Moines, Federal Way",King County,"26,727,700",10,27
,98024,"Fall City, Sammamish, Snoqualmie",King County,"61,945,400",24,62
,98026,"Edmonds, Esperance, Lynnwood, Meadowdale, Mukilteo, North Lynnwood, Picnic Point",Snohomish County,"24,153,200",9,24
,98027,"Bellevue, East Renton Highlands, Eastgate, Hobart, Issaquah, Mirrormont",King County,"144,495,000",56,144
,98028,"Bothell, Inglewood-Finn Hill, Kenmore",King County,"14,667,600",6,15
,98029,"Issaquah, Klahanie",King County,"23,189,900",9,23
,98030,"Auburn, Kent",King County,"18,448,800",7,18
,98031,"East Hill-Meridian, Kent, Renton",King County,"19,424,900",7,19
,98032,"Kent, Lakeland North, Renton, SeaTac, Tukwila",King County,"43,315,900",17,43
,98033,"Bellevue, Kirkland",King County,"24,062,600",9,24
,98034,"Inglewood-Finn Hill, Kenmore, Kingsgate, Kirkland, Redmond, Woodinville",King County,"23,633,800",9,24
,98036,"Alderwood Manor, Bothell West, Brier, Lynnwood, Martha Lake, Mountlake Terrace, North Lynnwood",Snohomish County,"25,075,700",10,25
,98037,"Edmonds, Larch Way, Lynnwood, Martha Lake, Meadowdale, North Lynnwood",Snohomish County,"14,931,100",6,15
,98038,"Covington, East Renton Highlands, Hobart, Kent, Maple Valley, Mirrormont, Ravensdale, Shadow Lake",King County,"172,207,000",66,172
,98039,"Medina, Bellevue",King County,"3,737,880",1,4
,98040,Mercer Island,King County,"16,370,400",6,16
,98042,"Auburn, Covington, East Hill-Meridian, Kent, Lake Morton-Berrydale, Maple Valley, Shadow Lake",King County,"73,577,400",28,74
,98043,"Edmonds, Lynnwood, Mountlake Terrace",Snohomish County,"10,570,600",4,11
,98045,"North Bend, Riverbend, Snoqualmie, Tanner, Wilderness Rim",King County,"872,796,000",337,873
,98047,"Algona, Pacific, Sumner","King County, Pierce County","6,277,100",2,6
,98051,"Hobart, Kent, Ravensdale",King County,"132,339,000",51,132
,98052,"Bellevue, Cottage Lake, Kirkland, Redmond, Union Hill-Novelty Hill, Woodinville",King County,"52,054,000",20,52
,98053,"Ames Lake, Redmond, Union Hill-Novelty Hill",King County,"73,465,100",28,73
,98055,"East Hill-Meridian, Kent, Renton",King County,"12,374,000",5,12
,98056,"Newcastle, Renton",King County,"19,466,200",8,19
,98057,"Bryn Mawr-Skyway, Renton, Tukwila",King County,"15,780,800",6,16
,98058,"East Hill-Meridian, East Renton Highlands, Fairwood, Maple Heights-Lake Desire, Renton, Shadow Lake",King County,"49,037,400",19,49
,98059,"Bellevue, East Renton Highlands, Newcastle, Renton",King County,"51,737,400",20,52
,98065,Snoqualmie,King County,"191,905,000",74,192
,98068,"Roslyn, Snoqualmie Pass, Tanner","King County, Kittitas County","687,681,000",266,688
,98070,Vashon,King County,"95,633,800",37,96
,98072,"Bothell, Clearview, Cottage Lake, Kingsgate, Maltby, Woodinville","King County, Snohomish County","46,958,900",18,47
,98074,Sammamish,King County,"27,654,800",11,28
,98075,Sammamish,King County,"24,552,300",9,25
,98077,"Cottage Lake, Maltby, Union Hill-Novelty Hill","King County, Snohomish County","44,819,900",17,45
,98087,"Lake Stickney, Larch Way, Martha Lake, North Lynnwood, Picnic Point",Snohomish County,"14,418,900",6,14
,98092,"Auburn, Black Diamond, Kent, Lake Holm, Lake Morton-Berrydale, Lake Tapps","King County, Pierce County","115,597,000",45,116
,98101,Seattle,King County,"1,344,750",1,1
,98102,Seattle,King County,"3,396,110",1,3
,98103,Seattle,King County,"12,005,500",5,12
,98104,Seattle,King County,"2,007,030",1,2
,98105,Seattle,King County,"10,689,300",4,11
,98106,"Seattle, White Center",King County,"14,236,500",5,14
,98107,Seattle,King County,"5,704,030",2,6
,98108,"Boulevard Park, Seattle, Tukwila, White Center",King County,"19,384,700",7,19
,98109,Seattle,King County,"5,178,190",2,5
,98110,Bainbridge Island,Kitsap County,"71,512,400",28,72
,98112,Seattle,King County,"8,187,980",3,8
,98115,Seattle,King County,"17,051,600",7,17
,98116,Seattle,King County,"7,657,200",3,8
,98117,Seattle,King County,"10,214,500",4,10
,98118,Seattle,King County,"16,178,200",6,16
,98119,Seattle,King County,"6,308,530",2,6
,98121,Seattle,King County,"1,141,210",0,1
,98122,Seattle,King County,"5,992,910",2,6
,98125,Seattle,King County,"13,960,900",5,14
,98126,"Seattle, White Center",King County,"7,963,650",3,8
,98133,"Seattle, Shoreline",King County,"18,379,000",7,18
,98134,Seattle,King County,"8,738,520",3,9
,98136,Seattle,King County,"5,954,030",2,6
,98144,Seattle,King County,"8,818,480",3,9
,98146,"Burien, Seattle, White Center",King County,"12,045,900",5,12
,98148,"Burien, Des Moines, Normandy Park, SeaTac",King County,"8,117,260",3,8
,98154,Seattle,King County,"9,147",0,0
,98155,"Lake Forest Park, Shoreline",King County,"19,604,400",8,20
,98158,SeaTac,King County,"5,726,910",2,6
,98164,Seattle,King County,"9,165",0,0
,98166,"Burien, Normandy Park",King County,"14,685,900",6,15
,98168,"Boulevard Park, Burien, Riverton, SeaTac, Tukwila, White Center",King County,"23,030,100",9,23
,98174,Seattle,King County,"9,145",0,0
,98177,"Seattle, Shoreline",King County,"14,752,900",6,15
,98178,"Bryn Mawr-Skyway, Renton, Seattle, Tukwila",King County,"12,564,300",5,13
,98188,"Kent, Renton, SeaTac, Tukwila",King County,"19,551,300",8,20
,98195,Seattle,King County,"183,452",0,0
,98198,"Des Moines, Kent, Normandy Park, SeaTac",King County,"20,167,200",8,20
,98199,Seattle,King County,"10,815,400",4,11
,98201,"Everett, Hat Island",Snohomish County,"19,365,400",7,19
,98203,Everett,Snohomish County,"27,723,300",11,28
,98204,"Everett, Lake Stickney, Mukilteo",Snohomish County,"20,779,300",8,21
,98205,"Bunk Foss, Cavalero, Everett, Lake Stevens, Machias, Marysville",Snohomish County,"49,040,500",19,49
,98207,Everett,Snohomish County,"575,949",0,1
,98208,"Eastmont, Everett, Martha Lake, Mill Creek, Silver Firs",Snohomish County,"41,918,900",16,42
,98220,Acme,Whatcom County,"52,834,900",20,53
,98221,Anacortes,"San Juan County, Skagit County","137,491,000",53,137
,98223,"Arlington, Arlington Heights, Bryant, Canyon Creek, Lake Cassidy, Marysville, North Marysville, Oso, Sisco Heights, Swede Heaven",Snohomish County,"827,808,000",320,828
,98224,Baring,King County,"510,454,000",197,510
,98225,"Bellingham, Marietta-Alderwood",Whatcom County,"32,513,400",13,33
,98226,"Bellingham, Ferndale, Marietta-Alderwood",Whatcom County,"277,732,000",107,278
,98229,"Alger, Bellingham, Geneva, Sudden Valley","Skagit County, Whatcom County","127,275,000",49,127
,98230,"Birch Bay, Blaine",Whatcom County,"113,340,000",44,113
,98232,"Alger, Edison",Skagit County,"138,642,000",54,139
,98233,"Alger, Burlington",Skagit County,"87,664,400",34,88
,98235,Clear Lake,Skagit County,"79,407",0,0
,98236,Clinton,Island County,"59,279,800",23,59
,98237,Concrete,"Skagit County, Whatcom County","827,708,000",320,828
,98238,Conway,Skagit County,"563,363",0,1
,98239,Coupeville,Island County,"75,803,700",29,76
,98240,Custer,Whatcom County,"53,583,300",21,54
,98241,"Darrington, Swede Heaven","Skagit County, Snohomish County","1,060,180,000",409,"1,060"
,98244,"Maple Falls, Peaceful Valley, Deming, Glacier, Kendall",Whatcom County,"1,264,000,000",488,"1,264"
,98247,"Deming, Everson, Lynden, Nooksack",Whatcom County,"164,987,000",64,165
,98248,"Birch Bay, Custer, Ferndale, Marietta-Alderwood",Whatcom County,"183,463,000",71,183
,98249,Freeland,Island County,"41,291,200",16,41
,98250,Friday Harbor,San Juan County,"160,966,000",62,161
,98251,"Gold Bar, May Creek, Startup",Snohomish County,"394,887,000",152,395
,98252,"Canyon Creek, Granite Falls, Lake Bosworth, Lochsloy, Verlot",Snohomish County,"692,258,000",267,692
,98255,Hamilton,Skagit County,"1,349,290",1,1
,98256,Index,Snohomish County,"218,855,000",84,219
,98257,La Conner,Skagit County,"47,486,900",18,47
,98258,"Cavalero, Lake Cassidy, Lake Stevens, Lochsloy, Machias, Sisco Heights",Snohomish County,"74,699,800",29,75
,98260,Langley,Island County,"68,456,500",26,68
,98263,Lyman,Skagit County,"421,041",0,0
,98264,Lynden,Whatcom County,"147,753,000",57,148
,98266,"Kendall, Maple Falls, Peaceful Valley",Whatcom County,"62,038,200",24,62
,98267,Marblemount,Skagit County,"900,047,000",348,900
,98270,"Lake Cassidy, Marysville",Snohomish County,"37,060,500",14,37
,98271,"Marysville, North Marysville, Sisco Heights",Snohomish County,"120,688,000",47,121
,98272,"Chain Lake, Everett, High Bridge, Monroe, Monroe North, Sultan, Woods Creek",Snohomish County,"283,033,000",109,283
,98273,"Bay View, Clear Lake, Conway, Mount Vernon",Skagit County,"217,802,000",84,218
,98274,"Big Lake, Lake Cavanaugh, Lake McMurray, Mount Vernon",Skagit County,"365,438,000",141,365
,98275,"Everett, Mukilteo",Snohomish County,"19,768,800",8,20
,98276,Nooksack,Whatcom County,"542,593",0,1
,98277,"Oak Harbor, Whidbey Island Station",Island County,"146,130,000",56,146
,98278,Whidbey Island Station,Island County,"13,633,700",5,14
,98281,Point Roberts,Whatcom County,"12,652,200",5,13
,98283,"Marblemount, Rockport","Skagit County, Whatcom County","1,419,060,000",548,"1,419"
,98284,"Alger, Clear Lake, Hamilton, Lyman, Sedro-Woolley","Skagit County, Whatcom County","731,874,000",283,732
,98288,Skykomish,King County,"547,876,000",212,548
,98290,"Bunk Foss, Chain Lake, Everett, Fobes Hill, Lake Bosworth, Lake Roesiger, Machias, Monroe, Monroe North, Snohomish, Three Lakes, Woods Creek",Snohomish County,"306,699,000",118,307
,98292,"Lake Ketchum, Marysville, Northwest Stanwood, Silvana, Stanwood, Sunday Lake, Warm Beach","Skagit County, Snohomish County","192,963,000",75,193
,98294,"Everett, Gold Bar, North Sultan, Startup, Sultan",Snohomish County,"155,411,000",60,155
,98295,"Peaceful Valley, Sumas",Whatcom County,"74,785,300",29,75
,98296,"Cathcart, Clearview, Eastmont, High Bridge, Maltby, Mill Creek, Mill Creek East, Silver Firs",Snohomish County,"88,264,900",34,88
,98303,Anderson Island,Pierce County,"20,071,300",8,20
,98304,Ashford,"Lewis County, Pierce County","891,111,000",344,891
,98310,"Bremerton, Enetai, Tracyton",Kitsap County,"15,439,800",6,15
,98311,"Silverdale, Tracyton",Kitsap County,"28,116,600",11,28
,98312,"Bremerton, Chico, Erlands Point-Kitsap Lake, Gorst, Navy Yard City, Port Orchard, Rocky Point, Silverdale",Kitsap County,"159,168,000",61,159
,98314,Bremerton,Kitsap County,"1,495,430",1,1
,98315,Bangor Base,Kitsap County,"28,766,200",11,29
,98320,Brinnon,Jefferson County,"252,865,000",98,253
,98321,"Bonney Lake, Buckley, Enumclaw, Prairie Heights, Prairie Ridge, South Prairie, Wilkeson",Pierce County,"93,325,300",36,93
,98323,"Carbonado, Wilkeson",Pierce County,"638,113,000",246,638
,98325,Port Hadlock-Irondale,Jefferson County,"77,907,800",30,78
,98326,Clallam Bay,Clallam County,"754,265,000",291,754
,98327,DuPont,Pierce County,"17,788,600",7,18
,98328,"Alder, Clear Lake, Eatonville, La Grande",Pierce County,"548,826,000",212,549
,98329,"Vaughn, Wauna, Stansberry Lake, Key Center, Burley","Pierce County, Kitsap County","66,967,800",26,67
,98330,Elbe,Pierce County,"16,907,600",7,17
,98331,"Forks, Queets","Clallam County, Jefferson County","2,022,180,000",781,"2,022"
,98332,"Canterwood, Gig Harbor, Maplewood, Purdy, Rosedale",Pierce County,"54,162,200",21,54
,98333,Fox Island,Pierce County,"13,514,700",5,14
,98335,"Artondale, Gig Harbor, Raft Island, Rosedale, Wollochet",Pierce County,"57,778,400",22,58
,98337,Bremerton,Kitsap County,"2,704,470",1,3
,98338,"Clear Lake, Elk Plain, Graham, Kapowsin, South Creek, South Hill",Pierce County,"139,311,000",54,139
,98339,Port Hadlock-Irondale,Jefferson County,"14,902,900",6,15
,98340,Hansville,Kitsap County,"22,517,000",9,23
,98342,Indianola,Kitsap County,"6,208,870",2,6
,98345,Keyport,Kitsap County,"1,272,140",0,1
,98346,"Hansville, Indianola, Kingston, Port Gamble Tribal Comunity",Kitsap County,"71,464,200",28,71
,98349,"Herron Island, Home, Key Center, Longbranch",Pierce County,"55,159,900",21,55
,98351,Longbranch,Pierce County,"22,137,200",9,22
,98354,"Edgewood, Milton","King County, Pierce County","6,237,570",2,6
,98355,Mineral,Lewis County,"491,306,000",190,491
,98356,Morton,Lewis County,"259,126,000",100,259
,98357,Neah Bay,Clallam County,"110,005,000",42,110
,98358,Marrowstone,Jefferson County,"27,655,200",11,28
,98359,Burley,Kitsap County,"36,315,400",14,36
,98360,"Clear Lake, Crocker, Graham, Kapowsin, McMillin, Orting, Prairie Ridge, South Hill",Pierce County,"179,987,000",69,180
,98361,Packwood,Lewis County,"1,187,660,000",459,"1,188"
,98362,"Port Angeles, Port Angeles East",Clallam County,"567,303,000",219,567
,98363,Port Angeles,Clallam County,"1,639,360,000",633,"1,639"
,98365,Port Ludlow,Jefferson County,"96,361,000",37,96
,98366,"Bainbridge Island, Bethel, Bremerton, East Port Orchard, Manchester, Parkwood, Port Orchard, Southworth",Kitsap County,"60,023,700",23,60
,98367,"Bethel, Bremerton, Burley, Gorst, Port Orchard, Southworth",Kitsap County,"208,413,000",80,208
,98368,"Port Hadlock-Irondale, Port Townsend",Jefferson County,"137,584,000",53,138
,98370,"Indianola, Keyport, Lofall, Poulsbo, Silverdale, Suquamish",Kitsap County,"146,489,000",57,146
,98371,"Edgewood, Puyallup, Summit, Waller",Pierce County,"29,868,000",12,30
,98372,"Alderton, Edgewood, North Puyallup, Puyallup, Sumner",Pierce County,"35,314,300",14,35
,98373,"Clover Creek, Puyallup, South Hill, Summit, Summit View",Pierce County,"24,401,200",9,24
,98374,"Alderton, Graham, McMillin, Puyallup, South Hill",Pierce County,"41,032,500",16,41
,98375,"Frederickson, South Hill, Summit View",Pierce County,"25,169,200",10,25
,98376,Quilcene,Jefferson County,"302,920,000",117,303
,98380,Seabeck,Kitsap County,"108,540,000",42,109
,98381,Sekiu,Clallam County,"174,201,000",67,174
,98382,"Bell Hill, Blyn, Carlsborg, James, River Road, Sequim","Clallam County, Jefferson County","444,691,000",172,445
,98383,"Chico, Silverdale",Kitsap County,"46,551,600",18,47
,98385,South Prairie,Pierce County,"1,225,460",0,1
,98387,"Elk Plain, Frederickson, Graham, Parkland, South Creek, South Hill, Spanaway",Pierce County,"73,507,000",28,74
,98388,"Ketron Island, Steilacoom",Pierce County,"23,145,700",9,23
,98390,"Alderton, Auburn, North Puyallup, Pacific, Sumner",Pierce County,"25,032,500",10,25
,98391,"Alderton, Auburn, Bonney Lake, Lake Tapps, Orting, Prairie Heights, Prairie Ridge, Sumner",Pierce County,"99,908,400",39,100
,98392,Suquamish,Kitsap County,"4,256,230",2,4
,98394,"Key Center, Vaughn",Pierce County,"14,363,500",6,14
,98396,"Carbonado, Wilkeson",Pierce County,"35,538,600",14,36
,98402,Tacoma,Pierce County,"2,439,380",1,2
,98403,Tacoma,Pierce County,"2,842,070",1,3
,98404,"Midland, Tacoma, Waller",Pierce County,"19,720,800",8,20
,98405,Tacoma,Pierce County,"10,676,800",4,11
,98406,Tacoma,Pierce County,"11,053,300",4,11
,98407,"Ruston, Tacoma",Pierce County,"14,567,000",6,15
,98408,Tacoma,Pierce County,"8,757,850",3,9
,98409,Tacoma,Pierce County,"18,412,400",7,18
,98416,Tacoma,Pierce County,"269,804",0,0
,98418,Tacoma,Pierce County,"4,359,600",2,4
,98421,"Fife, Tacoma",Pierce County,"17,280,000",7,17
,98422,"Browns Point, Dash Point, Fife Heights, Tacoma",Pierce County,"17,299,000",7,17
,98424,"Fife, Fife Heights, Milton, Tacoma",Pierce County,"16,337,100",6,16
,98430,North Fort Lewis,Pierce County,"992,075",0,1
,98433,"DuPont, Fort Lewis, Lakewood, North Fort Lewis",Pierce County,"51,009,400",20,51
,98438,McChord AFB,Pierce County,"2,204,010",1,2
,98439,"McChord AFB, Lakewood, Fort Lewis",Pierce County,"22,582,100",9,23
,98443,Waller,Pierce County,"13,154,300",5,13
,98444,"Lakewood, Midland, Parkland, Spanaway, Tacoma",Pierce County,"17,425,700",7,17
,98445,"Clover Creek, Frederickson, Midland, Parkland, Spanaway, Summit, Tacoma",Pierce County,"26,979,300",10,27
,98446,"Clover Creek, Frederickson, Summit",Pierce County,"28,470,500",11,28
,98447,Parkland,Pierce County,"122,035",0,0
,98465,Tacoma,Pierce County,"4,304,100",2,4
,98466,"Fircrest, Tacoma, University Place",Pierce County,"15,460,800",6,15
,98467,"Steilacoom, Tacoma, University Place",Pierce County,"11,896,800",5,12
,98498,"Lakewood, Steilacoom",Pierce County,"22,002,800",8,22
,98499,"Lakewood, McChord AFB, Parkland, Tacoma",Pierce County,"23,852,600",9,24
,98501,"Lacey, Olympia, Tumwater",Thurston County,"89,203,400",34,89
,98502,"Olympia, Tumwater",Thurston County,"140,812,000",54,141
,98503,"Lacey, Olympia, Tanglewilde",Thurston County,"29,227,000",11,29
,98506,Olympia,Thurston County,"57,955,600",22,58
,98512,"Olympia, Tumwater",Thurston County,"389,167,000",150,389
,98513,"Lacey, Nisqually Indian Community",Thurston County,"152,955,000",59,153
,98516,"Lacey, Olympia, Tanglewilde",Thurston County,"74,191,000",29,74
,98520,"Aberdeen, Aberdeen Gardens, Central Park, Cosmopolis, Junction City, Markham",Grays Harbor County,"618,431,000",239,618
,98524,"Allyn, Grapeview",Mason County,"36,969,800",14,37
,98526,Amanda Park,Grays Harbor County,"225,366,000",87,225
,98527,Bay Center,Pacific County,"25,988,400",10,26
,98528,"Allyn, Belfair","Kitsap County, Mason County","189,012,000",73,189
,98530,Bucoda,Thurston County,"12,908,900",5,13
,98531,"Centralia, Fords Prairie, Grand Mound","Lewis County, Thurston County","353,876,000",137,354
,98532,"Centralia, Chehalis, Napavine, Pe Ell",Lewis County,"835,383,000",323,835
,98535,"Copalis Beach, Ocean City",Grays Harbor County,"26,498,900",10,26
,98536,Copalis Beach,Grays Harbor County,"158,991,000",61,159
,98537,"Cosmopolis, Junction City","Grays Harbor County, Pacific County","501,254,000",194,501
,98541,"Elma, Malone, Porter, Satsop","Grays Harbor County, Mason County","547,574,000",211,548
,98546,Grapeview,Mason County,"68,581,900",26,69
,98547,Grayland,"Grays Harbor County, Pacific County","157,791,000",61,158
,98548,Hoodsport,Mason County,"355,695,000",137,356
,98550,"Aberdeen, Hogans Corner, Hoquiam, Humptulips, Oyehut",Grays Harbor County,"554,530,000",214,555
,98552,"Humptulips, Neilton",Grays Harbor County,"237,437,000",92,237
,98557,McCleary,"Grays Harbor County, Mason County","93,393,700",36,93
,98558,McKenna,Pierce County,"327,359",0,0
,98559,Malone,Grays Harbor County,"40,625",0,0
,98562,"Moclips, Pacific Beach",Grays Harbor County,"2,542,360",1,3
,98563,"Aberdeen, Montesano, Brady, Cosmopolis",Grays Harbor County,"946,982,000",366,947
,98564,Mossyrock,Lewis County,"363,144,000",140,363
,98565,Napavine,Lewis County,"1,604,000",1,2
,98568,Oakville,"Grays Harbor County, Lewis County","389,839,000",151,390
,98569,"Ocean City, Ocean Shores",Grays Harbor County,"37,939,900",15,38
,98570,Onalaska,Lewis County,"307,603,000",119,308
,98571,"Moclips, Pacific Beach",Grays Harbor County,"22,678,200",9,23
,98572,Pe Ell,Lewis County,"89,608,700",35,90
,98575,Neilton,Grays Harbor County,"262,809,000",101,263
,98576,"Rainier, Yelm",Thurston County,"182,881,000",71,183
,98577,"Lebam, Raymond, South Bend, Willapa",Pacific County,"991,185,000",383,991
,98579,"Grand Mound, Rochester","Lewis County, Thurston County","234,362,000",90,234
,98580,"Fort Lewis, McKenna, Roy, South Creek",Pierce County,"364,775,000",141,365
,98581,Ryderwood,Cowlitz County,"76,099,400",29,76
,98583,Satsop,Grays Harbor County,"283,657",0,0
,98584,"Shelton, Skokomish",Mason County,"883,191,000",341,883
,98586,South Bend,Pacific County,"350,851,000",135,351
,98587,"Qui-nai-elt Village, Santiago, Taholah",Grays Harbor County,"74,150,700",29,74
,98589,Tenino,Thurston County,"238,300,000",92,238
,98590,Tokeland,Pacific County,"7,980,780",3,8
,98591,Toledo,Lewis County,"299,346,000",116,299
,98592,Union,Mason County,"45,670,100",18,46
,98593,Vader,Lewis County,"34,719,200",13,35
,98595,"Cohassett Beach, Grayland, Westport",Grays Harbor County,"14,137,900",5,14
,98596,"Napavine, Vader, Winlock",Lewis County,"231,197,000",89,231
,98597,"North Yelm, Yelm",Thurston County,"289,029,000",112,289
,98601,Amboy,"Clark County, Cowlitz County","176,749,000",68,177
,98604,"Battle Ground, Cherry Grove, Dollars Corner, Hockinson, Lewisville, Meadow Glade, Venersborg",Clark County,"187,325,000",72,187
,98605,"Bingen, White Salmon","Klickitat County, Skamania County","111,955,000",43,112
,98606,"Brush Prairie, Hockinson, Venersborg",Clark County,"96,898,300",37,97
,98607,"Camas, Fern Prairie, Vancouver, Washougal",Clark County,"121,658,000",47,122
,98610,Carson,Skamania County,"952,000,000",368,952
,98611,Castle Rock,Cowlitz County,"322,678,000",125,323
,98612,"Cathlamet, East Cathlamet, Lower Elochoman, Puget Island, Skamokawa Valley, Upper Elochoman",Wahkiakum County,"195,711,000",76,196
,98613,Centerville,Klickitat County,"239,458,000",92,239
,98614,Chinook,Pacific County,"73,305,900",28,73
,98617,Dallesport,Klickitat County,"28,778,000",11,29
,98620,"Goldendale, Maryhill",Klickitat County,"1,260,160,000",487,"1,260"
,98621,"Grays River, Rosburg","Pacific County, Wahkiakum County","108,841,000",42,109
,98624,"Chinook, Ilwaco",Pacific County,"87,794,900",34,88
,98625,Kalama,Cowlitz County,"208,548,000",81,209
,98626,"Castle Rock, Kelso, Longview, West Side Highway",Cowlitz County,"353,416,000",136,353
,98628,Klickitat,Klickitat County,"22,972,000",9,23
,98629,La Center,Clark County,"100,148,000",39,100
,98631,Long Beach,Pacific County,"40,236,900",16,40
,98632,"Kelso, Longview, Longview Heights, West Side Highway","Cowlitz County, Wahkiakum County","334,436,000",129,334
,98635,"Dallesport, Klickitat, Lyle",Klickitat County,"332,247,000",128,332
,98638,"Deep River, Grays River, Naselle, Rosburg","Pacific County, Wahkiakum County","437,298,000",169,437
,98639,North Bonneville,Skamania County,"33,159,200",13,33
,98640,Ocean Park,Pacific County,"52,516,000",20,53
,98642,"Dollars Corner, Duluth, Mount Vista, Ridgefield",Clark County,"147,853,000",57,148
,98643,"Altoona, Deep River, Grays River, Rosburg, Skamokawa Valley",Wahkiakum County,"94,347,900",36,94
,98647,"Grays River, Skamokawa Valley",Wahkiakum County,"158,512,000",61,159
,98648,"Carson, North Bonneville, Stevenson",Skamania County,"319,038,000",123,319
,98650,Trout Lake,Klickitat County,"212,885,000",82,213
,98660,Vancouver,Clark County,"38,698,100",15,39
,98661,"Minnehaha, Vancouver, Walnut Grove",Clark County,"27,512,100",11,28
,98662,"Barberton, Brush Prairie, Five Corners, Orchards, Vancouver, Walnut Grove",Clark County,"33,339,000",13,33
,98663,"Hazel Dell, Vancouver",Clark County,"11,134,100",4,11
,98664,Vancouver,Clark County,"13,615,200",5,14
,98665,"Five Corners, Hazel Dell, Lake Shore, Salmon Creek, Vancouver, Walnut Grove",Clark County,"20,802,200",8,21
,98671,"Camas, Fern Prairie, Washougal","Clark County, Skamania County","223,527,000",86,224
,98672,White Salmon,"Klickitat County, Skamania County","376,400,000",145,376
,98673,Wishram,Klickitat County,"33,643,500",13,34
,98674,Woodland,"Clark County, Cowlitz County","214,837,000",83,215
,98675,"Amboy, Yacolt",Clark County,"305,780,000",118,306
,98682,"Brush Prairie, Camas, Hockinson, Orchards, Vancouver",Clark County,"78,100,400",30,78
,98683,Vancouver,Clark County,"18,805,400",7,19
,98684,Vancouver,Clark County,"18,064,300",7,18
,98685,"Felida, Lake Shore, Salmon Creek",Clark County,"25,188,800",10,25
,98686,"Barberton, Mount Vista, Salmon Creek, Walnut Grove",Clark County,"29,788,000",12,30
,98801,"South Wenatchee, Sunnyslope, Wenatchee",Chelan County,"420,418,000",162,420
,98802,East Wenatchee,Douglas County,"464,787,000",179,465
,98812,"Brewster, Pateros","Douglas County, Okanogan County","686,965,000",265,687
,98813,Bridgeport,"Douglas County, Okanogan County","305,926,000",118,306
,98815,Cashmere,Chelan County,"307,735,000",119,308
,98816,Chelan,"Chelan County, Douglas County","1,027,250,000",397,"1,027"
,98817,Chelan Falls,Chelan County,"2,544,380",1,3
,98819,Conconully,Okanogan County,"320,508,000",124,321
,98822,Entiat,Chelan County,"1,131,840,000",437,"1,132"
,98823,Ephrata,"Douglas County, Grant County","772,478,000",298,772
,98824,George,Grant County,"990,406",0,1
,98826,Leavenworth,Chelan County,"2,631,310,000","1,016","2,631"
,98827,Loomis,Okanogan County,"825,196,000",319,825
,98829,Malott,Okanogan County,"178,304,000",69,178
,98830,Mansfield,Douglas County,"1,167,000,000",451,"1,167"
,98831,Manson,Chelan County,"121,578,000",47,122
,98832,Krupp,"Grant County, Lincoln County","517,811,000",200,518
,98834,Methow,Okanogan County,"191,383,000",74,191
,98837,"Cascade Valley, Moses Lake, Moses Lake North",Grant County,"1,250,600,000",483,"1,251"
,98840,"Malott, Okanogan",Okanogan County,"1,081,270,000",417,"1,081"
,98841,"Disautel, North Omak, Omak, Riverside",Okanogan County,"993,866,000",384,994
,98844,Oroville,Okanogan County,"856,255,000",331,856
,98846,Pateros,Okanogan County,"230,695,000",89,231
,98848,"George, Quincy","Douglas County, Grant County","1,165,970,000",450,"1,166"
,98849,"Omak, Riverside",Okanogan County,"397,586,000",154,398
,98850,Rock Island,Douglas County,"58,790,300",23,59
,98851,"Lakeview, Soap Lake",Grant County,"411,451,000",159,411
,98855,Tonasket,Okanogan County,"1,662,920,000",642,"1,663"
,98856,Twisp,Okanogan County,"1,174,330,000",453,"1,174"
,98857,Warden,"Adams County, Grant County","421,951,000",163,422
,98858,Waterville,Douglas County,"1,002,060,000",387,"1,002"
,98860,Wilson Creek,Grant County,"199,037,000",77,199
,98862,"Twisp, Winthrop","Okanogan County, Whatcom County","1,160,180,000",448,"1,160"
,98901,"Moxee, Terrace Heights, Union Gap, Yakima","Kittitas County, Yakima County","302,111,000",117,302
,98902,Yakima,Yakima County,"23,373,800",9,23
,98903,"Ahtanum, Tampico, Union Gap, Yakima",Yakima County,"749,041,000",289,749
,98908,"Ahtanum, Eschbach, Gleed, Summitview, Yakima",Yakima County,"255,917,000",99,256
,98921,Buena,Yakima County,"326,160",0,0
,98922,"Cle Elum, Easton, Roslyn, South Cle Elum",Kittitas County,"1,158,190,000",447,"1,158"
,98923,Cowiche,Yakima County,"15,623,500",6,16
,98925,"Easton, Roslyn",Kittitas County,"325,190,000",126,325
,98926,"Ellensburg, Kittitas",Kittitas County,"1,494,510,000",577,"1,495"
,98930,Grandview,"Benton County, Yakima County","123,083,000",48,123
,98932,Granger,Yakima County,"87,507,400",34,88
,98933,Harrah,Yakima County,"62,558,500",24,63
,98934,Kittitas,Kittitas County,"2,210,180",1,2
,98935,"Grandview, Mabton",Yakima County,"693,408,000",268,693
,98936,Moxee,Yakima County,"366,600,000",142,367
,98937,"Cliffdell, Eschbach, Gleed, Naches, Nile","Kittitas County, Yakima County","2,032,980,000",785,"2,033"
,98938,Outlook,Yakima County,"95,672,900",37,96
,98939,Parker,Yakima County,"738,747",0,1
,98940,Ronald,Kittitas County,"277,790,000",107,278
,98941,Roslyn,Kittitas County,"12,531,600",5,13
,98942,"Selah, Yakima",Yakima County,"487,909,000",188,488
,98943,"Cle Elum, South Cle Elum",Kittitas County,"2,223,600",1,2
,98944,"Richland, Sunnyside","Benton County, Yakima County","1,497,260,000",578,"1,497"
,98946,Thorp,Kittitas County,"47,267,200",18,47
,98947,"Cowiche, Tieton",Yakima County,"106,838,000",41,107
,98948,Toppenish,Yakima County,"565,156,000",218,565
,98950,Vantage,Kittitas County,"60,332,600",23,60
,98951,"Donald, Parker, Wapato",Yakima County,"389,536,000",150,390
,98952,White Swan,Yakima County,"533,302,000",206,533
,98953,"Buena, Zillah",Yakima County,"163,160,000",63,163
,99001,Airway Heights,Spokane County,"18,402,000",7,18
,99004,"Cheney, Four Lakes","Spokane County, Whitman County","870,251,000",336,870
,99005,Green Bluff,Spokane County,"102,758,000",40,103
,99006,Deer Park,"Pend Oreille County, Spokane County, Stevens County","475,628,000",184,476
,99011,Fairchild AFB,Spokane County,"16,913,900",7,17
,99012,"Fairfield, Latah, Waverly",Spokane County,"246,192,000",95,246
,99016,"Liberty Lake, Spokane Valley",Spokane County,"65,287,900",25,65
,99017,Lamont,Whitman County,"219,409,000",85,219
,99018,Latah,Spokane County,"90,604,200",35,91
,99019,Liberty Lake,Spokane County,"56,625,200",22,57
,99021,"Green Bluff, Mead",Spokane County,"217,949,000",84,218
,99022,"Airway Heights, Medical Lake",Spokane County,"178,671,000",69,179
,99025,Otis Orchards-East Farms,Spokane County,"115,273,000",45,115
,99026,Spokane,"Spokane County, Stevens County","183,609,000",71,184
,99027,"Otis Orchards-East Farms, Spokane Valley",Spokane County,"39,071,900",15,39
,99029,Reardan,"Lincoln County, Spokane County","306,871,000",118,307
,99030,Rockford,Spokane County,"203,037,000",78,203
,99031,Spangle,Spokane County,"183,816,000",71,184
,99032,Sprague,"Adams County, Lincoln County","562,986,000",217,563
,99033,Tekoa,"Spokane County, Whitman County","97,428,600",38,97
,99037,Spokane Valley,Spokane County,"16,750,900",6,17
,99039,Waverly,Spokane County,"11,614,500",4,12
,99101,Addy,Stevens County,"283,615,000",110,284
,99102,Albion,Whitman County,"597,769",0,1
,99103,Almira,"Grant County, Lincoln County","590,375,000",228,590
,99109,Chewelah,Stevens County,"725,587,000",280,726
,99110,Clayton,"Spokane County, Stevens County","97,353,500",38,97
,99111,"Colfax, Steptoe",Whitman County,"747,252,000",289,747
,99113,Colton,Whitman County,"248,084,000",96,248
,99114,Colville,Stevens County,"1,886,880,000",729,"1,887"
,99115,"Banks Lake South, Coulee City","Douglas County, Grant County","1,084,260,000",419,"1,084"
,99116,"Coulee Dam, Elmer City","Douglas County, Grant County, Okanogan County","121,663,000",47,122
,99117,Creston,Lincoln County,"477,692,000",184,478
,99118,Curlew,Ferry County,"510,135,000",197,510
,99119,Cusick,Pend Oreille County,"1,049,240,000",405,"1,049"
,99121,Danville,Ferry County,"146,779,000",57,147
,99122,Davenport,"Lincoln County, Stevens County","1,474,630,000",569,"1,475"
,99123,"Electric City, Grand Coulee",Grant County,"112,734,000",44,113
,99124,Elmer City,Okanogan County,"559,382",0,1
,99125,Endicott,Whitman County,"603,506,000",233,604
,99126,Marcus,Stevens County,"134,526,000",52,135
,99128,Farmington,"Latah County, Whitman County","160,597,000",62,161
,99130,Garfield,Whitman County,"203,048,000",78,203
,99133,"Electric City, Grand Coulee","Douglas County, Grant County, Lincoln County","383,155,000",148,383
,99134,Harrington,Lincoln County,"555,495,000",214,555
,99135,Hartline,Grant County,"456,733,000",176,457
,99138,"Inchelium, Twin Lakes",Ferry County,"1,367,440,000",528,"1,367"
,99139,Ione,Pend Oreille County,"530,363,000",205,530
,99140,Keller,Ferry County,"1,007,710,000",389,"1,008"
,99141,"Barney's Junction, Barstow, Boyds, Kettle Falls","Ferry County, Stevens County","1,372,220,000",530,"1,372"
,99143,LaCrosse,Whitman County,"803,350,000",310,803
,99146,Laurier,Ferry County,"120,445,000",47,120
,99148,"Loon Lake, Springdale",Stevens County,"149,959,000",58,150
,99149,Malden,Whitman County,"6,744,860",3,7
,99150,Malo,Ferry County,"144,440,000",56,144
,99151,Marcus,Stevens County,"314,770",0,0
,99152,Metaline,Pend Oreille County,"12,086,200",5,12
,99153,Metaline Falls,Pend Oreille County,"888,786,000",343,889
,99155,"Nespelem Community, Nespelem","Ferry County, Okanogan County","788,658,000",305,789
,99156,Newport,"Pend Oreille County, Spokane County","847,496,000",327,847
,99157,Northport,Stevens County,"189,934,000",73,190
,99158,Oakesdale,Whitman County,"235,436,000",91,235
,99159,Odessa,"Adams County, Lincoln County","1,300,030,000",502,"1,300"
,99160,Orient,Ferry County,"233,032,000",90,233
,99161,Palouse,Whitman County,"192,340,000",74,192
,99163,"Albion, Pullman",Whitman County,"536,124,000",207,536
,99164,Pullman,Whitman County,"187,184",0,0
,99166,"Curlew Lake, Pine Grove, Republic, Torboy","Ferry County, Okanogan County","1,520,160,000",587,"1,520"
,99169,Ritzville,"Adams County, Lincoln County","1,838,580,000",710,"1,839"
,99170,"Malden, Rosalia","Spokane County, Whitman County","471,272,000",182,471
,99171,St. John,Whitman County,"688,311,000",266,688
,99173,Springdale,Stevens County,"338,482,000",131,338
,99174,Steptoe,Whitman County,"348,107",0,0
,99179,Union,Whitman County,"183,608,000",71,184
,99181,Valley,Stevens County,"255,431,000",99,255
,99185,Wilbur,Lincoln County,"698,460,000",270,698
,99201,Spokane,Spokane County,"7,773,520",3,8
,99202,"Spokane, Spokane Valley",Spokane County,"15,905,900",6,16
,99203,Spokane,Spokane County,"12,113,200",5,12
,99204,Spokane,Spokane County,"2,919,950",1,3
,99205,"Spokane, Town and Country",Spokane County,"23,202,100",9,23
,99206,"Millwood, Spokane Valley",Spokane County,"60,620,800",23,61
,99207,Spokane,Spokane County,"14,110,100",5,14
,99208,"Country Homes, Fairwood, Mead, Spokane, Town and Country",Spokane County,"127,316,000",49,127
,99212,"Millwood, Spokane, Spokane Valley",Spokane County,"31,445,000",12,31
,99216,Spokane Valley,Spokane County,"34,584,400",13,35
,99217,"Mead, Spokane",Spokane County,"132,146,000",51,132
,99218,"Country Homes, Fairwood, Spokane, Town and Country",Spokane County,"18,938,900",7,19
,99223,Spokane,Spokane County,"74,149,000",29,74
,99224,"Airway Heights, Spokane",Spokane County,"303,209,000",117,303
,99301,"Pasco, West Pasco",Franklin County,"1,204,290,000",465,"1,204"
,99320,"Benton City, West Richland",Benton County,"359,642,000",139,360
,99322,Bickleton,Klickitat County,"639,332,000",247,639
,99323,Burbank,Walla Walla County,"326,084,000",126,326
,99324,"College Place, Garrett, Walla Walla",Walla Walla County,"7,898,070",3,8
,99326,"Connell, Mesa","Adams County, Franklin County","706,864,000",273,707
,99328,Dayton,Columbia County,"1,659,500,000",641,"1,660"
,99329,Dixie,Walla Walla County,"4,738,260",2,5
,99335,Kahlotus,Franklin County,"438,424,000",169,438
,99336,"Kennewick, Richland",Benton County,"34,570,300",13,35
,99337,"Finley, Kennewick",Benton County,"407,217,000",157,407
,99338,"Kennewick, Richland",Benton County,"171,927,000",66,172
,99341,Lind,Adams County,"1,036,900,000",400,"1,037"
,99343,"Basin City, Mesa",Franklin County,"428,395,000",165,428
,99344,"Hatton, Othello","Adams County, Franklin County, Grant County","1,174,590,000",454,"1,175"
,99347,Pomeroy,"Columbia County, Garfield County, Whitman County","1,960,340,000",757,"1,960"
,99348,Prescott,"Columbia County, Walla Walla County","1,345,760,000",520,"1,346"
,99349,"Desert Aire, Mattawa",Grant County,"695,197,000",268,695
,99350,Prosser,"Benton County, Klickitat County, Yakima County","1,480,080,000",571,"1,480"
,99352,"Kennewick, Richland, West Richland",Benton County,"54,262,100",21,54
,99353,"Richland, West Richland",Benton County,"67,479,400",26,67
,99354,Richland,Benton County,"52,600,900",20,53
,99356,Roosevelt,Klickitat County,"649,184,000",251,649
,99357,Royal City,Grant County,"601,541,000",232,602
,99359,Starbuck,"Columbia County, Franklin County","215,544,000",83,216
,99360,Touchet,Walla Walla County,"407,715,000",157,408
,99361,"Dixie, Waitsburg","Columbia County, Walla Walla County","579,326,000",224,579
,99362,"College Place, Garrett, Walla Walla, Walla Walla East","Umatilla County, Walla Walla County","740,792,000",286,741
,99363,Wallula,Walla Walla County,"115,344,000",45,115
,99371,Washtucna,"Adams County, Franklin County","527,778,000",204,528
,99402,Asotin,Asotin County,"741,921,000",286,742
,99403,"Asotin, Clarkston, Clarkston Heights-Vineland, West Clarkston-Highland","Asotin County, Garfield County","395,975,000",153,396